event_id,ts_utc,site_id,mission_id,robot_id,agent_name,severity,event_type,error_code,payload
E000001,2026-05-20T07:30:49+00:00,SEOUL_TOWER_B,M00001,R012,dispatch_routing,INFO,MISSION_RECEIVED,,"{""attempt"": 1, ""note"": ""state transition""}"
E000002,2026-05-20T07:30:50+00:00,SEOUL_TOWER_B,M00001,R012,fault_recovery,INFO,MISSION_VALIDATED,,"{""attempt"": 1, ""note"": ""state transition""}"
E000003,2026-05-20T07:30:51+00:00,SEOUL_TOWER_B,M00001,R012,customer_comms,INFO,ROBOT_ASSIGNED,,"{""attempt"": 1, ""note"": ""state transition""}"
E000004,2026-05-20T07:30:52+00:00,SEOUL_TOWER_B,M00001,R012,dispatch_routing,INFO,ENROUTE_PICKUP,,"{""attempt"": 1, ""note"": ""state transition""}"
E000005,2026-05-20T07:30:53+00:00,SEOUL_TOWER_B,M00001,R012,fault_recovery,INFO,LIFTING_VEHICLE,,"{""attempt"": 1, ""note"": ""state transition""}"
E000006,2026-05-20T07:30:54+00:00,SEOUL_TOWER_B,M00001,R012,customer_comms,INFO,ENROUTE_DROP,,"{""attempt"": 1, ""note"": ""state transition""}"
E000007,2026-05-20T07:30:55+00:00,SEOUL_TOWER_B,M00001,R012,fault_recovery,WARN,MISSION_EXCEPTION,NAV_BLOCKED,"{""retry_scheduled"": true, ""max_retries"": 3}"
E000008,2026-05-20T07:30:56+00:00,SEOUL_TOWER_B,M00001,R012,ops_reporting,WARN,MISSION_FINALIZED,FINAL_WITH_ISSUE,"{""final_status"": ""FAILED_RETRYABLE""}"
E000009,2026-05-20T07:33:27+00:00,SEOUL_TOWER_B,M00002,R001,fault_recovery,INFO,MISSION_RECEIVED,,"{""attempt"": 1, ""note"": ""state transition""}"
E000010,2026-05-20T07:33:28+00:00,SEOUL_TOWER_B,M00002,R001,dispatch_routing,INFO,MISSION_VALIDATED,,"{""attempt"": 1, ""note"": ""state transition""}"
E000011,2026-05-20T07:33:29+00:00,SEOUL_TOWER_B,M00002,R001,fault_recovery,INFO,ROBOT_ASSIGNED,,"{""attempt"": 1, ""note"": ""state transition""}"
E000012,2026-05-20T07:33:30+00:00,SEOUL_TOWER_B,M00002,R001,fault_recovery,INFO,ENROUTE_PICKUP,,"{""attempt"": 1, ""note"": ""state transition""}"
E000013,2026-05-20T07:33:31+00:00,SEOUL_TOWER_B,M00002,R001,fault_recovery,INFO,LIFTING_VEHICLE,,"{""attempt"": 1, ""note"": ""state transition""}"
E000014,2026-05-20T07:33:32+00:00,SEOUL_TOWER_B,M00002,R001,request_orchestrator,INFO,ENROUTE_DROP,,"{""attempt"": 1, ""note"": ""state transition""}"
E000015,2026-05-20T07:33:33+00:00,SEOUL_TOWER_B,M00002,R001,ops_reporting,INFO,MISSION_FINALIZED,,"{""final_status"": ""COMPLETED""}"
E000016,2026-05-20T07:36:40+00:00,SEOUL_TOWER_B,M00003,R012,dispatch_routing,INFO,MISSION_RECEIVED,,"{""attempt"": 1, ""note"": ""state transition""}"
E000017,2026-05-20T07:36:41+00:00,SEOUL_TOWER_B,M00003,R012,dispatch_routing,INFO,MISSION_VALIDATED,,"{""attempt"": 1, ""note"": ""state transition""}"
E000018,2026-05-20T07:36:42+00:00,SEOUL_TOWER_B,M00003,R012,dispatch_routing,INFO,ROBOT_ASSIGNED,,"{""attempt"": 1, ""note"": ""state transition""}"
E000019,2026-05-20T07:36:43+00:00,SEOUL_TOWER_B,M00003,R012,customer_comms,INFO,ENROUTE_PICKUP,,"{""attempt"": 1, ""note"": ""state transition""}"
E000020,2026-05-20T07:36:44+00:00,SEOUL_TOWER_B,M00003,R012,dispatch_routing,INFO,LIFTING_VEHICLE,,"{""attempt"": 1, ""note"": ""state transition""}"
E000021,2026-05-20T07:36:45+00:00,SEOUL_TOWER_B,M00003,R012,dispatch_routing,INFO,ENROUTE_DROP,,"{""attempt"": 1, ""note"": ""state transition""}"
E000022,2026-05-20T07:36:46+00:00,SEOUL_TOWER_B,M00003,R012,fault_recovery,WARN,MISSION_EXCEPTION,NAV_BLOCKED,"{""retry_scheduled"": false, ""max_retries"": 3}"
E000023,2026-05-20T07:36:47+00:00,SEOUL_TOWER_B,M00003,R012,ops_reporting,WARN,MISSION_FINALIZED,FINAL_WITH_ISSUE,"{""final_status"": ""FAILED_ESCALATED""}"
E000024,2026-05-20T07:36:16+00:00,SEOUL_TOWER_B,M00004,R005,customer_comms,INFO,MISSION_RECEIVED,,"{""attempt"": 1, ""note"": ""state transition""}"
E000025,2026-05-20T07:36:17+00:00,SEOUL_TOWER_B,M00004,R005,customer_comms,INFO,MISSION_VALIDATED,,"{""attempt"": 1, ""note"": ""state transition""}"
E000026,2026-05-20T07:36:18+00:00,SEOUL_TOWER_B,M00004,R005,fault_recovery,INFO,ROBOT_ASSIGNED,,"{""attempt"": 1, ""note"": ""state transition""}"
E000027,2026-05-20T07:36:19+00:00,SEOUL_TOWER_B,M00004,R005,customer_comms,INFO,ENROUTE_PICKUP,,"{""attempt"": 1, ""note"": ""state transition""}"
E000028,2026-05-20T07:36:20+00:00,SEOUL_TOWER_B,M00004,R005,customer_comms,INFO,LIFTING_VEHICLE,,"{""attempt"": 1, ""note"": ""state transition""}"
E000029,2026-05-20T07:36:21+00:00,SEOUL_TOWER_B,M00004,R005,request_orchestrator,INFO,ENROUTE_DROP,,"{""attempt"": 1, ""note"": ""state transition""}"
E000030,2026-05-20T07:36:22+00:00,SEOUL_TOWER_B,M00004,R005,ops_reporting,INFO,MISSION_FINALIZED,,"{""final_status"": ""COMPLETED""}"
E000031,2026-05-20T07:38:01+00:00,SEOUL_TOWER_B,M00005,R006,dispatch_routing,INFO,MISSION_RECEIVED,,"{""attempt"": 1, ""note"": ""state transition""}"
E000032,2026-05-20T07:38:02+00:00,SEOUL_TOWER_B,M00005,R006,customer_comms,INFO,MISSION_VALIDATED,,"{""attempt"": 1, ""note"": ""state transition""}"
E000033,2026-05-20T07:38:03+00:00,SEOUL_TOWER_B,M00005,R006,customer_comms,INFO,ROBOT_ASSIGNED,,"{""attempt"": 1, ""note"": ""state transition""}"
E000034,2026-05-20T07:38:04+00:00,SEOUL_TOWER_B,M00005,R006,request_orchestrator,INFO,ENROUTE_PICKUP,,"{""attempt"": 1, ""note"": ""state transition""}"
E000035,2026-05-20T07:38:05+00:00,SEOUL_TOWER_B,M00005,R006,customer_comms,INFO,LIFTING_VEHICLE,,"{""attempt"": 1, ""note"": ""state transition""}"
E000036,2026-05-20T07:38:06+00:00,SEOUL_TOWER_B,M00005,R006,customer_comms,INFO,ENROUTE_DROP,,"{""attempt"": 1, ""note"": ""state transition""}"
E000037,2026-05-20T07:38:07+00:00,SEOUL_TOWER_B,M00005,R006,fault_recovery,WARN,MISSION_EXCEPTION,NAV_BLOCKED,"{""retry_scheduled"": true, ""max_retries"": 3}"
E000038,2026-05-20T07:38:08+00:00,SEOUL_TOWER_B,M00005,R006,ops_reporting,WARN,MISSION_FINALIZED,FINAL_WITH_ISSUE,"{""final_status"": ""FAILED_RETRYABLE""}"
E000039,2026-05-20T07:38:14+00:00,SEOUL_TOWER_B,M00006,R011,fault_recovery,INFO,MISSION_RECEIVED,,"{""attempt"": 1, ""note"": ""state transition""}"
E000040,2026-05-20T07:38:15+00:00,SEOUL_TOWER_B,M00006,R011,fault_recovery,INFO,MISSION_VALIDATED,,"{""attempt"": 1, ""note"": ""state transition""}"
E000041,2026-05-20T07:38:16+00:00,SEOUL_TOWER_B,M00006,R011,customer_comms,INFO,ROBOT_ASSIGNED,,"{""attempt"": 1, ""note"": ""state transition""}"
E000042,2026-05-20T07:38:17+00:00,SEOUL_TOWER_B,M00006,R011,customer_comms,INFO,ENROUTE_PICKUP,,"{""attempt"": 1, ""note"": ""state transition""}"
E000043,2026-05-20T07:38:18+00:00,SEOUL_TOWER_B,M00006,R011,dispatch_routing,INFO,LIFTING_VEHICLE,,"{""attempt"": 1, ""note"": ""state transition""}"
E000044,2026-05-20T07:38:19+00:00,SEOUL_TOWER_B,M00006,R011,customer_comms,INFO,ENROUTE_DROP,,"{""attempt"": 1, ""note"": ""state transition""}"
E000045,2026-05-20T07:38:57+00:00,SEOUL_TOWER_B,M00006,R011,fault_recovery,ERROR,MISSION_EXCEPTION,ELEV_TIMEOUT,"{""retry_scheduled"": true, ""max_retries"": 3}"
E000046,2026-05-20T07:38:58+00:00,SEOUL_TOWER_B,M00006,R011,ops_reporting,WARN,MISSION_FINALIZED,FINAL_WITH_ISSUE,"{""final_status"": ""FAILED_RETRYABLE""}"
E000047,2026-05-20T07:36:35+00:00,SEOUL_TOWER_B,M00007,R004,fault_recovery,INFO,MISSION_RECEIVED,,"{""attempt"": 1, ""note"": ""state transition""}"
E000048,2026-05-20T07:36:36+00:00,SEOUL_TOWER_B,M00007,R004,customer_comms,INFO,MISSION_VALIDATED,,"{""attempt"": 1, ""note"": ""state transition""}"
E000049,2026-05-20T07:36:37+00:00,SEOUL_TOWER_B,M00007,R004,customer_comms,INFO,ROBOT_ASSIGNED,,"{""attempt"": 1, ""note"": ""state transition""}"
E000050,2026-05-20T07:36:38+00:00,SEOUL_TOWER_B,M00007,R004,request_orchestrator,INFO,ENROUTE_PICKUP,,"{""attempt"": 1, ""note"": ""state transition""}"
E000051,2026-05-20T07:36:39+00:00,SEOUL_TOWER_B,M00007,R004,customer_comms,INFO,LIFTING_VEHICLE,,"{""attempt"": 1, ""note"": ""state transition""}"
E000052,2026-05-20T07:36:40+00:00,SEOUL_TOWER_B,M00007,R004,fault_recovery,INFO,ENROUTE_DROP,,"{""attempt"": 1, ""note"": ""state transition""}"
E000053,2026-05-20T07:37:18+00:00,SEOUL_TOWER_B,M00007,R004,ops_reporting,INFO,MISSION_FINALIZED,,"{""final_status"": ""COMPLETED""}"
E000054,2026-05-20T07:39:45+00:00,SEOUL_TOWER_B,M00008,R011,customer_comms,INFO,MISSION_RECEIVED,,"{""attempt"": 1, ""note"": ""state transition""}"
E000055,2026-05-20T07:39:46+00:00,SEOUL_TOWER_B,M00008,R011,dispatch_routing,INFO,MISSION_VALIDATED,,"{""attempt"": 1, ""note"": ""state transition""}"
E000056,2026-05-20T07:39:47+00:00,SEOUL_TOWER_B,M00008,R011,customer_comms,INFO,ROBOT_ASSIGNED,,"{""attempt"": 1, ""note"": ""state transition""}"
E000057,2026-05-20T07:39:48+00:00,SEOUL_TOWER_B,M00008,R011,dispatch_routing,INFO,ENROUTE_PICKUP,,"{""attempt"": 1, ""note"": ""state transition""}"
E000058,2026-05-20T07:39:49+00:00,SEOUL_TOWER_B,M00008,R011,request_orchestrator,INFO,LIFTING_VEHICLE,,"{""attempt"": 1, ""note"": ""state transition""}"
E000059,2026-05-20T07:39:50+00:00,SEOUL_TOWER_B,M00008,R011,customer_comms,INFO,ENROUTE_DROP,,"{""attempt"": 1, ""note"": ""state transition""}"
E000060,2026-05-20T07:39:35+00:00,SEOUL_TOWER_B,M00008,R011,fault_recovery,WARN,MISSION_EXCEPTION,BAT_LOW,"{""retry_scheduled"": true, ""max_retries"": 3}"
E000061,2026-05-20T07:40:29+00:00,SEOUL_TOWER_B,M00008,R011,ops_reporting,WARN,MISSION_FINALIZED,FINAL_WITH_ISSUE,"{""final_status"": ""FAILED_RETRYABLE""}"
E000062,2026-05-20T07:40:10+00:00,SEOUL_TOWER_B,M00009,R008,request_orchestrator,INFO,MISSION_RECEIVED,,"{""attempt"": 1, ""note"": ""state transition""}"
E000063,2026-05-20T07:40:11+00:00,SEOUL_TOWER_B,M00009,R008,request_orchestrator,INFO,MISSION_VALIDATED,,"{""attempt"": 1, ""note"": ""state transition""}"
E000064,2026-05-20T07:40:12+00:00,SEOUL_TOWER_B,M00009,R008,customer_comms,INFO,ROBOT_ASSIGNED,,"{""attempt"": 1, ""note"": ""state transition""}"
E000065,2026-05-20T07:40:13+00:00,SEOUL_TOWER_B,M00009,R008,dispatch_routing,INFO,ENROUTE_PICKUP,,"{""attempt"": 1, ""note"": ""state transition""}"
E000066,2026-05-20T07:40:14+00:00,SEOUL_TOWER_B,M00009,R008,customer_comms,INFO,LIFTING_VEHICLE,,"{""attempt"": 1, ""note"": ""state transition""}"
E000067,2026-05-20T07:40:15+00:00,SEOUL_TOWER_B,M00009,R008,dispatch_routing,INFO,ENROUTE_DROP,,"{""attempt"": 1, ""note"": ""state transition""}"
E000068,2026-05-20T07:40:00+00:00,SEOUL_TOWER_B,M00009,R008,fault_recovery,WARN,MISSION_EXCEPTION,NAV_BLOCKED,"{""retry_scheduled"": false, ""max_retries"": 3}"
E000069,2026-05-20T07:39:47+00:00,SEOUL_TOWER_B,M00009,R008,ops_reporting,WARN,MISSION_FINALIZED,FINAL_WITH_ISSUE,"{""final_status"": ""FAILED_ESCALATED""}"
E000070,2026-05-20T07:38:43+00:00,SEOUL_TOWER_B,M00010,R006,fault_recovery,INFO,MISSION_RECEIVED,,"{""attempt"": 1, ""note"": ""state transition""}"
E000071,2026-05-20T07:38:44+00:00,SEOUL_TOWER_B,M00010,R006,customer_comms,INFO,MISSION_VALIDATED,,"{""attempt"": 1, ""note"": ""state transition""}"
E000072,2026-05-20T07:38:45+00:00,SEOUL_TOWER_B,M00010,R006,fault_recovery,INFO,ROBOT_ASSIGNED,,"{""attempt"": 1, ""note"": ""state transition""}"
E000073,2026-05-20T07:38:46+00:00,SEOUL_TOWER_B,M00010,R006,dispatch_routing,INFO,ENROUTE_PICKUP,,"{""attempt"": 1, ""note"": ""state transition""}"
E000074,2026-05-20T07:38:10+00:00,SEOUL_TOWER_B,M00010,R006,customer_comms,INFO,LIFTING_VEHICLE,,"{""attempt"": 1, ""note"": ""state transition""}"
E000075,2026-05-20T07:38:11+00:00,SEOUL_TOWER_B,M00010,R006,fault_recovery,INFO,ENROUTE_DROP,,"{""attempt"": 1, ""note"": ""state transition""}"
E000076,2026-05-20T07:38:33+00:00,SEOUL_TOWER_B,M00010,R006,fault_recovery,ERROR,MISSION_EXCEPTION,SENSOR_WHEEL_MISMATCH,"{""retry_scheduled"": false, ""max_retries"": 3}"
E000077,2026-05-20T07:38:20+00:00,SEOUL_TOWER_B,M00010,R006,ops_reporting,WARN,MISSION_FINALIZED,FINAL_WITH_ISSUE,"{""final_status"": ""FAILED_ESCALATED""}"
E000078,2026-05-20T07:47:29+00:00,SEOUL_TOWER_B,M00011,R011,customer_comms,INFO,MISSION_RECEIVED,,"{""attempt"": 1, ""note"": ""state transition""}"
E000079,2026-05-20T07:47:30+00:00,SEOUL_TOWER_B,M00011,R011,fault_recovery,INFO,MISSION_VALIDATED,,"{""attempt"": 1, ""note"": ""state transition""}"
E000080,2026-05-20T07:47:31+00:00,SEOUL_TOWER_B,M00011,R011,customer_comms,INFO,ROBOT_ASSIGNED,,"{""attempt"": 1, ""note"": ""state transition""}"
E000081,2026-05-20T07:47:32+00:00,SEOUL_TOWER_B,M00011,R011,fault_recovery,INFO,ENROUTE_PICKUP,,"{""attempt"": 1, ""note"": ""state transition""}"
E000082,2026-05-20T07:47:33+00:00,SEOUL_TOWER_B,M00011,R011,request_orchestrator,INFO,LIFTING_VEHICLE,,"{""attempt"": 1, ""note"": ""state transition""}"
E000083,2026-05-20T07:47:34+00:00,SEOUL_TOWER_B,M00011,R011,customer_comms,INFO,ENROUTE_DROP,,"{""attempt"": 1, ""note"": ""state transition""}"
E000084,2026-05-20T07:47:56+00:00,SEOUL_TOWER_B,M00011,R011,fault_recovery,WARN,MISSION_EXCEPTION,NAV_BLOCKED,"{""retry_scheduled"": false, ""max_retries"": 3}"
E000085,2026-05-20T07:47:43+00:00,SEOUL_TOWER_B,M00011,R011,ops_reporting,WARN,MISSION_FINALIZED,FINAL_WITH_ISSUE,"{""final_status"": ""FAILED_ESCALATED""}"
E000086,2026-05-20T07:58:12+00:00,SEOUL_TOWER_B,M00012,R010,request_orchestrator,INFO,MISSION_RECEIVED,,"{""attempt"": 1, ""note"": ""state transition""}"
E000087,2026-05-20T07:58:13+00:00,SEOUL_TOWER_B,M00012,R010,fault_recovery,INFO,MISSION_VALIDATED,,"{""attempt"": 1, ""note"": ""state transition""}"
E000088,2026-05-20T07:58:14+00:00,SEOUL_TOWER_B,M00012,R010,dispatch_routing,INFO,ROBOT_ASSIGNED,,"{""attempt"": 1, ""note"": ""state transition""}"
E000089,2026-05-20T07:58:15+00:00,SEOUL_TOWER_B,M00012,R010,request_orchestrator,INFO,ENROUTE_PICKUP,,"{""attempt"": 1, ""note"": ""state transition""}"
E000090,2026-05-20T07:58:16+00:00,SEOUL_TOWER_B,M00012,R010,request_orchestrator,INFO,LIFTING_VEHICLE,,"{""attempt"": 1, ""note"": ""state transition""}"
E000091,2026-05-20T07:58:17+00:00,SEOUL_TOWER_B,M00012,R010,request_orchestrator,INFO,ENROUTE_DROP,,"{""attempt"": 1, ""note"": ""state transition""}"
E000092,2026-05-20T07:58:39+00:00,SEOUL_TOWER_B,M00012,R010,fault_recovery,ERROR,MISSION_EXCEPTION,ELEV_TIMEOUT,"{""retry_scheduled"": false, ""max_retries"": 3}"
E000093,2026-05-20T07:58:26+00:00,SEOUL_TOWER_B,M00012,R010,ops_reporting,WARN,MISSION_FINALIZED,FINAL_WITH_ISSUE,"{""final_status"": ""FAILED_ESCALATED""}"
E000094,2026-05-20T07:42:28+00:00,SEOUL_TOWER_B,M00013,R001,dispatch_routing,INFO,MISSION_RECEIVED,,"{""attempt"": 1, ""note"": ""state transition""}"
E000095,2026-05-20T07:42:29+00:00,SEOUL_TOWER_B,M00013,R001,request_orchestrator,INFO,MISSION_VALIDATED,,"{""attempt"": 1, ""note"": ""state transition""}"
E000096,2026-05-20T07:42:30+00:00,SEOUL_TOWER_B,M00013,R001,dispatch_routing,INFO,ROBOT_ASSIGNED,,"{""attempt"": 1, ""note"": ""state transition""}"
E000097,2026-05-20T07:42:31+00:00,SEOUL_TOWER_B,M00013,R001,dispatch_routing,INFO,ENROUTE_PICKUP,,"{""attempt"": 1, ""note"": ""state transition""}"
E000098,2026-05-20T07:42:32+00:00,SEOUL_TOWER_B,M00013,R001,dispatch_routing,INFO,LIFTING_VEHICLE,,"{""attempt"": 1, ""note"": ""state transition""}"
E000099,2026-05-20T07:42:33+00:00,SEOUL_TOWER_B,M00013,R001,customer_comms,INFO,ENROUTE_DROP,,"{""attempt"": 1, ""note"": ""state transition""}"
E000100,2026-05-20T07:42:41+00:00,SEOUL_TOWER_B,M00013,R001,ops_reporting,INFO,MISSION_FINALIZED,,"{""final_status"": ""COMPLETED""}"
E000101,2026-05-20T07:58:41+00:00,SEOUL_TOWER_B,M00014,R008,request_orchestrator,INFO,MISSION_RECEIVED,,"{""attempt"": 1, ""note"": ""state transition""}"
E000102,2026-05-20T07:58:42+00:00,SEOUL_TOWER_B,M00014,R008,dispatch_routing,INFO,MISSION_VALIDATED,,"{""attempt"": 1, ""note"": ""state transition""}"
E000103,2026-05-20T07:58:43+00:00,SEOUL_TOWER_B,M00014,R008,customer_comms,INFO,ROBOT_ASSIGNED,,"{""attempt"": 1, ""note"": ""state transition""}"
E000104,2026-05-20T07:58:44+00:00,SEOUL_TOWER_B,M00014,R008,fault_recovery,INFO,ENROUTE_PICKUP,,"{""attempt"": 1, ""note"": ""state transition""}"
E000105,2026-05-20T07:58:45+00:00,SEOUL_TOWER_B,M00014,R008,fault_recovery,INFO,LIFTING_VEHICLE,,"{""attempt"": 1, ""note"": ""state transition""}"
E000106,2026-05-20T07:58:46+00:00,SEOUL_TOWER_B,M00014,R008,dispatch_routing,INFO,ENROUTE_DROP,,"{""attempt"": 1, ""note"": ""state transition""}"
E000107,2026-05-20T07:58:15+00:00,SEOUL_TOWER_B,M00014,R008,fault_recovery,WARN,MISSION_EXCEPTION,BAT_LOW,"{""retry_scheduled"": true, ""max_retries"": 3}"
E000108,2026-05-20T07:58:55+00:00,SEOUL_TOWER_B,M00014,R008,ops_reporting,WARN,MISSION_FINALIZED,FINAL_WITH_ISSUE,"{""final_status"": ""FAILED_RETRYABLE""}"
E000109,2026-05-20T07:55:35+00:00,SEOUL_TOWER_B,M00015,R003,request_orchestrator,INFO,MISSION_RECEIVED,,"{""attempt"": 1, ""note"": ""state transition""}"
E000110,2026-05-20T07:55:36+00:00,SEOUL_TOWER_B,M00015,R003,dispatch_routing,INFO,MISSION_VALIDATED,,"{""attempt"": 1, ""note"": ""state transition""}"
E000111,2026-05-20T07:55:00+00:00,SEOUL_TOWER_B,M00015,R003,fault_recovery,INFO,ROBOT_ASSIGNED,,"{""attempt"": 1, ""note"": ""state transition""}"
E000112,2026-05-20T07:55:01+00:00,SEOUL_TOWER_B,M00015,R003,request_orchestrator,INFO,ENROUTE_PICKUP,,"{""attempt"": 1, ""note"": ""state transition""}"
E000113,2026-05-20T07:55:02+00:00,SEOUL_TOWER_B,M00015,R003,request_orchestrator,INFO,LIFTING_VEHICLE,,"{""attempt"": 1, ""note"": ""state transition""}"
E000114,2026-05-20T07:55:03+00:00,SEOUL_TOWER_B,M00015,R003,fault_recovery,INFO,ENROUTE_DROP,,"{""attempt"": 1, ""note"": ""state transition""}"
E000115,2026-05-20T07:55:09+00:00,SEOUL_TOWER_B,M00015,R003,fault_recovery,WARN,MISSION_EXCEPTION,BAT_LOW,"{""retry_scheduled"": false, ""max_retries"": 3}"
E000116,2026-05-20T07:55:49+00:00,SEOUL_TOWER_B,M00015,R003,ops_reporting,WARN,MISSION_FINALIZED,FINAL_WITH_ISSUE,"{""final_status"": ""FAILED_ESCALATED""}"
E000117,2026-05-20T08:03:26+00:00,SEOUL_TOWER_B,M00016,R005,customer_comms,INFO,MISSION_RECEIVED,,"{""attempt"": 1, ""note"": ""state transition""}"
E000118,2026-05-20T08:03:27+00:00,SEOUL_TOWER_B,M00016,R005,customer_comms,INFO,MISSION_VALIDATED,,"{""attempt"": 1, ""note"": ""state transition""}"
E000119,2026-05-20T08:03:28+00:00,SEOUL_TOWER_B,M00016,R005,dispatch_routing,INFO,ROBOT_ASSIGNED,,"{""attempt"": 1, ""note"": ""state transition""}"
E000120,2026-05-20T08:03:29+00:00,SEOUL_TOWER_B,M00016,R005,request_orchestrator,INFO,ENROUTE_PICKUP,,"{""attempt"": 1, ""note"": ""state transition""}"
E000121,2026-05-20T08:03:30+00:00,SEOUL_TOWER_B,M00016,R005,dispatch_routing,INFO,LIFTING_VEHICLE,,"{""attempt"": 1, ""note"": ""state transition""}"
E000122,2026-05-20T08:03:31+00:00,SEOUL_TOWER_B,M00016,R005,request_orchestrator,INFO,ENROUTE_DROP,,"{""attempt"": 1, ""note"": ""state transition""}"
E000123,2026-05-20T08:04:16+00:00,SEOUL_TOWER_B,M00016,R005,ops_reporting,INFO,MISSION_FINALIZED,,"{""final_status"": ""COMPLETED""}"
E000124,2026-05-20T07:46:56+00:00,SEOUL_TOWER_B,M00017,R006,fault_recovery,INFO,MISSION_RECEIVED,,"{""attempt"": 1, ""note"": ""state transition""}"
E000125,2026-05-20T07:46:57+00:00,SEOUL_TOWER_B,M00017,R006,request_orchestrator,INFO,MISSION_VALIDATED,,"{""attempt"": 1, ""note"": ""state transition""}"
E000126,2026-05-20T07:46:58+00:00,SEOUL_TOWER_B,M00017,R006,request_orchestrator,INFO,ROBOT_ASSIGNED,,"{""attempt"": 1, ""note"": ""state transition""}"
E000127,2026-05-20T07:46:59+00:00,SEOUL_TOWER_B,M00017,R006,fault_recovery,INFO,ENROUTE_PICKUP,,"{""attempt"": 1, ""note"": ""state transition""}"
E000128,2026-05-20T07:47:00+00:00,SEOUL_TOWER_B,M00017,R006,customer_comms,INFO,LIFTING_VEHICLE,,"{""attempt"": 1, ""note"": ""state transition""}"
E000129,2026-05-20T07:47:01+00:00,SEOUL_TOWER_B,M00017,R006,fault_recovery,INFO,ENROUTE_DROP,,"{""attempt"": 1, ""note"": ""state transition""}"
E000130,2026-05-20T07:47:07+00:00,SEOUL_TOWER_B,M00017,R006,fault_recovery,WARN,MISSION_EXCEPTION,NAV_BLOCKED,"{""retry_scheduled"": true, ""max_retries"": 3}"
E000131,2026-05-20T07:47:47+00:00,SEOUL_TOWER_B,M00017,R006,ops_reporting,WARN,MISSION_FINALIZED,FINAL_WITH_ISSUE,"{""final_status"": ""FAILED_RETRYABLE""}"
E000132,2026-05-20T07:46:15+00:00,SEOUL_TOWER_B,M00018,R009,fault_recovery,INFO,MISSION_RECEIVED,,"{""attempt"": 1, ""note"": ""state transition""}"
E000133,2026-05-20T07:46:16+00:00,SEOUL_TOWER_B,M00018,R009,request_orchestrator,INFO,MISSION_VALIDATED,,"{""attempt"": 1, ""note"": ""state transition""}"
E000134,2026-05-20T07:46:17+00:00,SEOUL_TOWER_B,M00018,R009,customer_comms,INFO,ROBOT_ASSIGNED,,"{""attempt"": 1, ""note"": ""state transition""}"
E000135,2026-05-20T07:46:18+00:00,SEOUL_TOWER_B,M00018,R009,customer_comms,INFO,ENROUTE_PICKUP,,"{""attempt"": 1, ""note"": ""state transition""}"
E000136,2026-05-20T07:46:19+00:00,SEOUL_TOWER_B,M00018,R009,request_orchestrator,INFO,LIFTING_VEHICLE,,"{""attempt"": 1, ""note"": ""state transition""}"
E000137,2026-05-20T07:46:20+00:00,SEOUL_TOWER_B,M00018,R009,customer_comms,INFO,ENROUTE_DROP,,"{""attempt"": 1, ""note"": ""state transition""}"
E000138,2026-05-20T07:45:58+00:00,SEOUL_TOWER_B,M00018,R009,ops_reporting,INFO,MISSION_FINALIZED,,"{""final_status"": ""COMPLETED""}"
E000139,2026-05-20T08:09:06+00:00,SEOUL_TOWER_B,M00019,R007,fault_recovery,INFO,MISSION_RECEIVED,,"{""attempt"": 1, ""note"": ""state transition""}"
E000140,2026-05-20T08:09:07+00:00,SEOUL_TOWER_B,M00019,R007,customer_comms,INFO,MISSION_VALIDATED,,"{""attempt"": 1, ""note"": ""state transition""}"
E000141,2026-05-20T08:09:08+00:00,SEOUL_TOWER_B,M00019,R007,dispatch_routing,INFO,ROBOT_ASSIGNED,,"{""attempt"": 1, ""note"": ""state transition""}"
E000142,2026-05-20T08:09:09+00:00,SEOUL_TOWER_B,M00019,R007,customer_comms,INFO,ENROUTE_PICKUP,,"{""attempt"": 1, ""note"": ""state transition""}"
E000143,2026-05-20T08:09:10+00:00,SEOUL_TOWER_B,M00019,R007,dispatch_routing,INFO,LIFTING_VEHICLE,,"{""attempt"": 1, ""note"": ""state transition""}"
E000144,2026-05-20T08:09:11+00:00,SEOUL_TOWER_B,M00019,R007,fault_recovery,INFO,ENROUTE_DROP,,"{""attempt"": 1, ""note"": ""state transition""}"
E000145,2026-05-20T08:08:49+00:00,SEOUL_TOWER_B,M00019,R007,ops_reporting,INFO,MISSION_FINALIZED,,"{""final_status"": ""COMPLETED""}"
E000146,2026-05-20T08:13:15+00:00,SEOUL_TOWER_B,M00020,R006,customer_comms,INFO,MISSION_RECEIVED,,"{""attempt"": 1, ""note"": ""state transition""}"
E000147,2026-05-20T08:13:16+00:00,SEOUL_TOWER_B,M00020,R006,customer_comms,INFO,MISSION_VALIDATED,,"{""attempt"": 1, ""note"": ""state transition""}"
E000148,2026-05-20T08:12:40+00:00,SEOUL_TOWER_B,M00020,R006,customer_comms,INFO,ROBOT_ASSIGNED,,"{""attempt"": 1, ""note"": ""state transition""}"
E000149,2026-05-20T08:12:41+00:00,SEOUL_TOWER_B,M00020,R006,fault_recovery,INFO,ENROUTE_PICKUP,,"{""attempt"": 1, ""note"": ""state transition""}"
E000150,2026-05-20T08:12:42+00:00,SEOUL_TOWER_B,M00020,R006,fault_recovery,INFO,LIFTING_VEHICLE,,"{""attempt"": 1, ""note"": ""state transition""}"
E000151,2026-05-20T08:12:43+00:00,SEOUL_TOWER_B,M00020,R006,dispatch_routing,INFO,ENROUTE_DROP,,"{""attempt"": 1, ""note"": ""state transition""}"
E000152,2026-05-20T08:13:26+00:00,SEOUL_TOWER_B,M00020,R006,fault_recovery,WARN,MISSION_EXCEPTION,NAV_BLOCKED,"{""retry_scheduled"": false, ""max_retries"": 3}"
E000153,2026-05-20T08:12:59+00:00,SEOUL_TOWER_B,M00020,R006,ops_reporting,WARN,MISSION_FINALIZED,FINAL_WITH_ISSUE,"{""final_status"": ""FAILED_ESCALATED""}"
E000154,2026-05-20T07:46:33+00:00,SEOUL_TOWER_B,M00021,R010,fault_recovery,INFO,MISSION_RECEIVED,,"{""attempt"": 1, ""note"": ""state transition""}"
E000155,2026-05-20T07:46:34+00:00,SEOUL_TOWER_B,M00021,R010,customer_comms,INFO,MISSION_VALIDATED,,"{""attempt"": 1, ""note"": ""state transition""}"
E000156,2026-05-20T07:46:35+00:00,SEOUL_TOWER_B,M00021,R010,dispatch_routing,INFO,ROBOT_ASSIGNED,,"{""attempt"": 1, ""note"": ""state transition""}"
E000157,2026-05-20T07:46:36+00:00,SEOUL_TOWER_B,M00021,R010,customer_comms,INFO,ENROUTE_PICKUP,,"{""attempt"": 1, ""note"": ""state transition""}"
E000158,2026-05-20T07:46:37+00:00,SEOUL_TOWER_B,M00021,R010,customer_comms,INFO,LIFTING_VEHICLE,,"{""attempt"": 1, ""note"": ""state transition""}"
E000159,2026-05-20T07:46:38+00:00,SEOUL_TOWER_B,M00021,R010,fault_recovery,INFO,ENROUTE_DROP,,"{""attempt"": 1, ""note"": ""state transition""}"
E000160,2026-05-20T07:46:53+00:00,SEOUL_TOWER_B,M00021,R010,ops_reporting,INFO,MISSION_FINALIZED,,"{""final_status"": ""COMPLETED""}"
E000161,2026-05-20T07:48:11+00:00,SEOUL_TOWER_B,M00022,R006,request_orchestrator,INFO,MISSION_RECEIVED,,"{""attempt"": 1, ""note"": ""state transition""}"
E000162,2026-05-20T07:48:12+00:00,SEOUL_TOWER_B,M00022,R006,customer_comms,INFO,MISSION_VALIDATED,,"{""attempt"": 1, ""note"": ""state transition""}"
E000163,2026-05-20T07:48:13+00:00,SEOUL_TOWER_B,M00022,R006,fault_recovery,INFO,ROBOT_ASSIGNED,,"{""attempt"": 1, ""note"": ""state transition""}"
E000164,2026-05-20T07:48:14+00:00,SEOUL_TOWER_B,M00022,R006,dispatch_routing,INFO,ENROUTE_PICKUP,,"{""attempt"": 1, ""note"": ""state transition""}"
E000165,2026-05-20T07:48:15+00:00,SEOUL_TOWER_B,M00022,R006,customer_comms,INFO,LIFTING_VEHICLE,,"{""attempt"": 1, ""note"": ""state transition""}"
E000166,2026-05-20T07:48:16+00:00,SEOUL_TOWER_B,M00022,R006,dispatch_routing,INFO,ENROUTE_DROP,,"{""attempt"": 1, ""note"": ""state transition""}"
E000167,2026-05-20T07:48:31+00:00,SEOUL_TOWER_B,M00022,R006,ops_reporting,INFO,MISSION_FINALIZED,,"{""final_status"": ""COMPLETED""}"
E000168,2026-05-20T08:22:51+00:00,SEOUL_TOWER_B,M00023,R010,fault_recovery,INFO,MISSION_RECEIVED,,"{""attempt"": 1, ""note"": ""state transition""}"
E000169,2026-05-20T08:22:52+00:00,SEOUL_TOWER_B,M00023,R010,fault_recovery,INFO,MISSION_VALIDATED,,"{""attempt"": 1, ""note"": ""state transition""}"
E000170,2026-05-20T08:22:53+00:00,SEOUL_TOWER_B,M00023,R010,fault_recovery,INFO,ROBOT_ASSIGNED,,"{""attempt"": 1, ""note"": ""state transition""}"
E000171,2026-05-20T08:22:54+00:00,SEOUL_TOWER_B,M00023,R010,fault_recovery,INFO,ENROUTE_PICKUP,,"{""attempt"": 1, ""note"": ""state transition""}"
E000172,2026-05-20T08:22:55+00:00,SEOUL_TOWER_B,M00023,R010,fault_recovery,INFO,LIFTING_VEHICLE,,"{""attempt"": 1, ""note"": ""state transition""}"
E000173,2026-05-20T08:22:56+00:00,SEOUL_TOWER_B,M00023,R010,request_orchestrator,INFO,ENROUTE_DROP,,"{""attempt"": 1, ""note"": ""state transition""}"
E000174,2026-05-20T08:22:46+00:00,SEOUL_TOWER_B,M00023,R010,fault_recovery,WARN,MISSION_EXCEPTION,BAT_LOW,"{""retry_scheduled"": false, ""max_retries"": 3}"
E000175,2026-05-20T08:23:12+00:00,SEOUL_TOWER_B,M00023,R010,ops_reporting,WARN,MISSION_FINALIZED,FINAL_WITH_ISSUE,"{""final_status"": ""FAILED_ESCALATED""}"
E000176,2026-05-20T08:22:04+00:00,SEOUL_TOWER_B,M00024,R007,dispatch_routing,INFO,MISSION_RECEIVED,,"{""attempt"": 1, ""note"": ""state transition""}"
E000177,2026-05-20T08:22:05+00:00,SEOUL_TOWER_B,M00024,R007,request_orchestrator,INFO,MISSION_VALIDATED,,"{""attempt"": 1, ""note"": ""state transition""}"
E000178,2026-05-20T08:22:06+00:00,SEOUL_TOWER_B,M00024,R007,dispatch_routing,INFO,ROBOT_ASSIGNED,,"{""attempt"": 1, ""note"": ""state transition""}"
E000179,2026-05-20T08:22:07+00:00,SEOUL_TOWER_B,M00024,R007,customer_comms,INFO,ENROUTE_PICKUP,,"{""attempt"": 1, ""note"": ""state transition""}"
E000180,2026-05-20T08:22:08+00:00,SEOUL_TOWER_B,M00024,R007,customer_comms,INFO,LIFTING_VEHICLE,,"{""attempt"": 1, ""note"": ""state transition""}"
E000181,2026-05-20T08:22:09+00:00,SEOUL_TOWER_B,M00024,R007,dispatch_routing,INFO,ENROUTE_DROP,,"{""attempt"": 1, ""note"": ""state transition""}"
E000182,2026-05-20T08:21:59+00:00,SEOUL_TOWER_B,M00024,R007,fault_recovery,WARN,MISSION_EXCEPTION,DB_TIMEOUT,"{""retry_scheduled"": true, ""max_retries"": 3}"
E000183,2026-05-20T08:22:25+00:00,SEOUL_TOWER_B,M00024,R007,ops_reporting,WARN,MISSION_FINALIZED,FINAL_WITH_ISSUE,"{""final_status"": ""FAILED_RETRYABLE""}"
E000184,2026-05-20T08:28:06+00:00,SEOUL_TOWER_B,M00025,R006,customer_comms,INFO,MISSION_RECEIVED,,"{""attempt"": 1, ""note"": ""state transition""}"
E000185,2026-05-20T08:27:30+00:00,SEOUL_TOWER_B,M00025,R006,customer_comms,INFO,MISSION_VALIDATED,,"{""attempt"": 1, ""note"": ""state transition""}"
E000186,2026-05-20T08:27:31+00:00,SEOUL_TOWER_B,M00025,R006,request_orchestrator,INFO,ROBOT_ASSIGNED,,"{""attempt"": 1, ""note"": ""state transition""}"
E000187,2026-05-20T08:27:32+00:00,SEOUL_TOWER_B,M00025,R006,request_orchestrator,INFO,ENROUTE_PICKUP,,"{""attempt"": 1, ""note"": ""state transition""}"
E000188,2026-05-20T08:27:33+00:00,SEOUL_TOWER_B,M00025,R006,fault_recovery,INFO,LIFTING_VEHICLE,,"{""attempt"": 1, ""note"": ""state transition""}"
E000189,2026-05-20T08:27:34+00:00,SEOUL_TOWER_B,M00025,R006,dispatch_routing,INFO,ENROUTE_DROP,,"{""attempt"": 1, ""note"": ""state transition""}"
E000190,2026-05-20T08:28:26+00:00,SEOUL_TOWER_B,M00025,R006,ops_reporting,INFO,MISSION_FINALIZED,,"{""final_status"": ""COMPLETED""}"
E000191,2026-05-20T08:04:46+00:00,SEOUL_TOWER_B,M00026,R008,customer_comms,INFO,MISSION_RECEIVED,,"{""attempt"": 1, ""note"": ""state transition""}"
E000192,2026-05-20T08:04:47+00:00,SEOUL_TOWER_B,M00026,R008,dispatch_routing,INFO,MISSION_VALIDATED,,"{""attempt"": 1, ""note"": ""state transition""}"
E000193,2026-05-20T08:04:48+00:00,SEOUL_TOWER_B,M00026,R008,fault_recovery,INFO,ROBOT_ASSIGNED,,"{""attempt"": 1, ""note"": ""state transition""}"
E000194,2026-05-20T08:04:49+00:00,SEOUL_TOWER_B,M00026,R008,fault_recovery,INFO,ENROUTE_PICKUP,,"{""attempt"": 1, ""note"": ""state transition""}"
E000195,2026-05-20T08:04:50+00:00,SEOUL_TOWER_B,M00026,R008,customer_comms,INFO,LIFTING_VEHICLE,,"{""attempt"": 1, ""note"": ""state transition""}"
E000196,2026-05-20T08:04:51+00:00,SEOUL_TOWER_B,M00026,R008,fault_recovery,INFO,ENROUTE_DROP,,"{""attempt"": 1, ""note"": ""state transition""}"
E000197,2026-05-20T08:05:43+00:00,SEOUL_TOWER_B,M00026,R008,ops_reporting,INFO,MISSION_FINALIZED,,"{""final_status"": ""COMPLETED""}"
E000198,2026-05-20T07:55:25+00:00,SEOUL_TOWER_B,M00027,R004,customer_comms,INFO,MISSION_RECEIVED,,"{""attempt"": 1, ""note"": ""state transition""}"
E000199,2026-05-20T07:55:26+00:00,SEOUL_TOWER_B,M00027,R004,fault_recovery,INFO,MISSION_VALIDATED,,"{""attempt"": 1, ""note"": ""state transition""}"
E000200,2026-05-20T07:55:27+00:00,SEOUL_TOWER_B,M00027,R004,fault_recovery,INFO,ROBOT_ASSIGNED,,"{""attempt"": 1, ""note"": ""state transition""}"
E000201,2026-05-20T07:55:28+00:00,SEOUL_TOWER_B,M00027,R004,customer_comms,INFO,ENROUTE_PICKUP,,"{""attempt"": 1, ""note"": ""state transition""}"
E000202,2026-05-20T07:55:29+00:00,SEOUL_TOWER_B,M00027,R004,fault_recovery,INFO,LIFTING_VEHICLE,,"{""attempt"": 1, ""note"": ""state transition""}"
E000203,2026-05-20T07:55:30+00:00,SEOUL_TOWER_B,M00027,R004,fault_recovery,INFO,ENROUTE_DROP,,"{""attempt"": 1, ""note"": ""state transition""}"
E000204,2026-05-20T07:55:15+00:00,SEOUL_TOWER_B,M00027,R004,ops_reporting,INFO,MISSION_FINALIZED,,"{""final_status"": ""COMPLETED""}"
E000205,2026-05-20T08:01:08+00:00,SEOUL_TOWER_B,M00028,R007,fault_recovery,INFO,MISSION_RECEIVED,,"{""attempt"": 1, ""note"": ""state transition""}"
E000206,2026-05-20T08:01:09+00:00,SEOUL_TOWER_B,M00028,R007,dispatch_routing,INFO,MISSION_VALIDATED,,"{""attempt"": 1, ""note"": ""state transition""}"
E000207,2026-05-20T08:01:10+00:00,SEOUL_TOWER_B,M00028,R007,request_orchestrator,INFO,ROBOT_ASSIGNED,,"{""attempt"": 1, ""note"": ""state transition""}"
E000208,2026-05-20T08:01:11+00:00,SEOUL_TOWER_B,M00028,R007,dispatch_routing,INFO,ENROUTE_PICKUP,,"{""attempt"": 1, ""note"": ""state transition""}"
E000209,2026-05-20T08:01:12+00:00,SEOUL_TOWER_B,M00028,R007,fault_recovery,INFO,LIFTING_VEHICLE,,"{""attempt"": 1, ""note"": ""state transition""}"
E000210,2026-05-20T08:01:13+00:00,SEOUL_TOWER_B,M00028,R007,request_orchestrator,INFO,ENROUTE_DROP,,"{""attempt"": 1, ""note"": ""state transition""}"
E000211,2026-05-20T08:00:58+00:00,SEOUL_TOWER_B,M00028,R007,ops_reporting,INFO,MISSION_FINALIZED,,"{""final_status"": ""COMPLETED""}"
E000212,2026-05-20T08:37:09+00:00,SEOUL_TOWER_B,M00029,R009,dispatch_routing,INFO,MISSION_RECEIVED,,"{""attempt"": 1, ""note"": ""state transition""}"
E000213,2026-05-20T08:37:10+00:00,SEOUL_TOWER_B,M00029,R009,dispatch_routing,INFO,MISSION_VALIDATED,,"{""attempt"": 1, ""note"": ""state transition""}"
E000214,2026-05-20T08:37:11+00:00,SEOUL_TOWER_B,M00029,R009,dispatch_routing,INFO,ROBOT_ASSIGNED,,"{""attempt"": 1, ""note"": ""state transition""}"
E000215,2026-05-20T08:37:12+00:00,SEOUL_TOWER_B,M00029,R009,customer_comms,INFO,ENROUTE_PICKUP,,"{""attempt"": 1, ""note"": ""state transition""}"
E000216,2026-05-20T08:37:13+00:00,SEOUL_TOWER_B,M00029,R009,fault_recovery,INFO,LIFTING_VEHICLE,,"{""attempt"": 1, ""note"": ""state transition""}"
E000217,2026-05-20T08:37:14+00:00,SEOUL_TOWER_B,M00029,R009,fault_recovery,INFO,ENROUTE_DROP,,"{""attempt"": 1, ""note"": ""state transition""}"
E000218,2026-05-20T08:36:48+00:00,SEOUL_TOWER_B,M00029,R009,fault_recovery,WARN,MISSION_EXCEPTION,NAV_BLOCKED,"{""retry_scheduled"": false, ""max_retries"": 3}"
E000219,2026-05-20T08:37:00+00:00,SEOUL_TOWER_B,M00029,R009,ops_reporting,WARN,MISSION_FINALIZED,FINAL_WITH_ISSUE,"{""final_status"": ""FAILED_ESCALATED""}"
E000220,2026-05-20T08:27:35+00:00,SEOUL_TOWER_B,M00030,R001,dispatch_routing,INFO,MISSION_RECEIVED,,"{""attempt"": 1, ""note"": ""state transition""}"
E000221,2026-05-20T08:27:36+00:00,SEOUL_TOWER_B,M00030,R001,fault_recovery,INFO,MISSION_VALIDATED,,"{""attempt"": 1, ""note"": ""state transition""}"
E000222,2026-05-20T08:27:00+00:00,SEOUL_TOWER_B,M00030,R001,dispatch_routing,INFO,ROBOT_ASSIGNED,,"{""attempt"": 1, ""note"": ""state transition""}"
E000223,2026-05-20T08:27:01+00:00,SEOUL_TOWER_B,M00030,R001,fault_recovery,INFO,ENROUTE_PICKUP,,"{""attempt"": 1, ""note"": ""state transition""}"
E000224,2026-05-20T08:27:02+00:00,SEOUL_TOWER_B,M00030,R001,dispatch_routing,INFO,LIFTING_VEHICLE,,"{""attempt"": 1, ""note"": ""state transition""}"
E000225,2026-05-20T08:27:03+00:00,SEOUL_TOWER_B,M00030,R001,fault_recovery,INFO,ENROUTE_DROP,,"{""attempt"": 1, ""note"": ""state transition""}"
E000226,2026-05-20T08:27:14+00:00,SEOUL_TOWER_B,M00030,R001,fault_recovery,WARN,MISSION_EXCEPTION,NAV_BLOCKED,"{""retry_scheduled"": true, ""max_retries"": 3}"
E000227,2026-05-20T08:27:26+00:00,SEOUL_TOWER_B,M00030,R001,ops_reporting,WARN,MISSION_FINALIZED,FINAL_WITH_ISSUE,"{""final_status"": ""FAILED_RETRYABLE""}"
E000228,2026-05-20T07:58:31+00:00,SEOUL_TOWER_B,M00031,R003,dispatch_routing,INFO,MISSION_RECEIVED,,"{""attempt"": 1, ""note"": ""state transition""}"
E000229,2026-05-20T07:58:32+00:00,SEOUL_TOWER_B,M00031,R003,fault_recovery,INFO,MISSION_VALIDATED,,"{""attempt"": 1, ""note"": ""state transition""}"
E000230,2026-05-20T07:58:33+00:00,SEOUL_TOWER_B,M00031,R003,request_orchestrator,INFO,ROBOT_ASSIGNED,,"{""attempt"": 1, ""note"": ""state transition""}"
E000231,2026-05-20T07:58:34+00:00,SEOUL_TOWER_B,M00031,R003,request_orchestrator,INFO,ENROUTE_PICKUP,,"{""attempt"": 1, ""note"": ""state transition""}"
E000232,2026-05-20T07:58:35+00:00,SEOUL_TOWER_B,M00031,R003,fault_recovery,INFO,LIFTING_VEHICLE,,"{""attempt"": 1, ""note"": ""state transition""}"
E000233,2026-05-20T07:58:36+00:00,SEOUL_TOWER_B,M00031,R003,dispatch_routing,INFO,ENROUTE_DROP,,"{""attempt"": 1, ""note"": ""state transition""}"
E000234,2026-05-20T07:58:58+00:00,SEOUL_TOWER_B,M00031,R003,ops_reporting,INFO,MISSION_FINALIZED,,"{""final_status"": ""COMPLETED""}"
E000235,2026-05-20T08:32:37+00:00,SEOUL_TOWER_B,M00032,R004,customer_comms,INFO,MISSION_RECEIVED,,"{""attempt"": 1, ""note"": ""state transition""}"
E000236,2026-05-20T08:32:38+00:00,SEOUL_TOWER_B,M00032,R004,request_orchestrator,INFO,MISSION_VALIDATED,,"{""attempt"": 1, ""note"": ""state transition""}"
E000237,2026-05-20T08:32:39+00:00,SEOUL_TOWER_B,M00032,R004,request_orchestrator,INFO,ROBOT_ASSIGNED,,"{""attempt"": 1, ""note"": ""state transition""}"
E000238,2026-05-20T08:32:40+00:00,SEOUL_TOWER_B,M00032,R004,fault_recovery,INFO,ENROUTE_PICKUP,,"{""attempt"": 1, ""note"": ""state transition""}"
E000239,2026-05-20T08:32:41+00:00,SEOUL_TOWER_B,M00032,R004,customer_comms,INFO,LIFTING_VEHICLE,,"{""attempt"": 1, ""note"": ""state transition""}"
E000240,2026-05-20T08:32:42+00:00,SEOUL_TOWER_B,M00032,R004,customer_comms,INFO,ENROUTE_DROP,,"{""attempt"": 1, ""note"": ""state transition""}"
E000241,2026-05-20T08:33:04+00:00,SEOUL_TOWER_B,M00032,R004,ops_reporting,INFO,MISSION_FINALIZED,,"{""final_status"": ""COMPLETED""}"
E000242,2026-05-20T08:45:08+00:00,SEOUL_TOWER_B,M00033,R006,customer_comms,INFO,MISSION_RECEIVED,,"{""attempt"": 1, ""note"": ""state transition""}"
E000243,2026-05-20T08:45:09+00:00,SEOUL_TOWER_B,M00033,R006,fault_recovery,INFO,MISSION_VALIDATED,,"{""attempt"": 1, ""note"": ""state transition""}"
E000244,2026-05-20T08:45:10+00:00,SEOUL_TOWER_B,M00033,R006,dispatch_routing,INFO,ROBOT_ASSIGNED,,"{""attempt"": 1, ""note"": ""state transition""}"
E000245,2026-05-20T08:45:11+00:00,SEOUL_TOWER_B,M00033,R006,request_orchestrator,INFO,ENROUTE_PICKUP,,"{""attempt"": 1, ""note"": ""state transition""}"
E000246,2026-05-20T08:45:12+00:00,SEOUL_TOWER_B,M00033,R006,fault_recovery,INFO,LIFTING_VEHICLE,,"{""attempt"": 1, ""note"": ""state transition""}"
E000247,2026-05-20T08:45:13+00:00,SEOUL_TOWER_B,M00033,R006,customer_comms,INFO,ENROUTE_DROP,,"{""attempt"": 1, ""note"": ""state transition""}"
E000248,2026-05-20T08:45:35+00:00,SEOUL_TOWER_B,M00033,R006,ops_reporting,INFO,MISSION_FINALIZED,,"{""final_status"": ""COMPLETED""}"
E000249,2026-05-20T08:01:03+00:00,SEOUL_TOWER_B,M00034,R001,request_orchestrator,INFO,MISSION_RECEIVED,,"{""attempt"": 1, ""note"": ""state transition""}"
E000250,2026-05-20T08:01:04+00:00,SEOUL_TOWER_B,M00034,R001,request_orchestrator,INFO,MISSION_VALIDATED,,"{""attempt"": 1, ""note"": ""state transition""}"
E000251,2026-05-20T08:01:05+00:00,SEOUL_TOWER_B,M00034,R001,customer_comms,INFO,ROBOT_ASSIGNED,,"{""attempt"": 1, ""note"": ""state transition""}"
E000252,2026-05-20T08:01:06+00:00,SEOUL_TOWER_B,M00034,R001,customer_comms,INFO,ENROUTE_PICKUP,,"{""attempt"": 1, ""note"": ""state transition""}"
E000253,2026-05-20T08:01:07+00:00,SEOUL_TOWER_B,M00034,R001,request_orchestrator,INFO,LIFTING_VEHICLE,,"{""attempt"": 1, ""note"": ""state transition""}"
E000254,2026-05-20T08:01:08+00:00,SEOUL_TOWER_B,M00034,R001,request_orchestrator,INFO,ENROUTE_DROP,,"{""attempt"": 1, ""note"": ""state transition""}"
E000255,2026-05-20T08:01:19+00:00,SEOUL_TOWER_B,M00034,R001,fault_recovery,ERROR,MISSION_EXCEPTION,ELEV_TIMEOUT,"{""retry_scheduled"": false, ""max_retries"": 3}"
E000256,2026-05-20T08:01:31+00:00,SEOUL_TOWER_B,M00034,R001,ops_reporting,WARN,MISSION_FINALIZED,FINAL_WITH_ISSUE,"{""final_status"": ""FAILED_ESCALATED""}"
E000257,2026-05-20T08:16:05+00:00,SEOUL_TOWER_B,M00035,R003,dispatch_routing,INFO,MISSION_RECEIVED,,"{""attempt"": 1, ""note"": ""state transition""}"
E000258,2026-05-20T08:16:06+00:00,SEOUL_TOWER_B,M00035,R003,fault_recovery,INFO,MISSION_VALIDATED,,"{""attempt"": 1, ""note"": ""state transition""}"
E000259,2026-05-20T08:15:30+00:00,SEOUL_TOWER_B,M00035,R003,request_orchestrator,INFO,ROBOT_ASSIGNED,,"{""attempt"": 1, ""note"": ""state transition""}"
E000260,2026-05-20T08:15:31+00:00,SEOUL_TOWER_B,M00035,R003,dispatch_routing,INFO,ENROUTE_PICKUP,,"{""attempt"": 1, ""note"": ""state transition""}"
E000261,2026-05-20T08:15:32+00:00,SEOUL_TOWER_B,M00035,R003,request_orchestrator,INFO,LIFTING_VEHICLE,,"{""attempt"": 1, ""note"": ""state transition""}"
E000262,2026-05-20T08:15:33+00:00,SEOUL_TOWER_B,M00035,R003,customer_comms,INFO,ENROUTE_DROP,,"{""attempt"": 1, ""note"": ""state transition""}"
E000263,2026-05-20T08:16:21+00:00,SEOUL_TOWER_B,M00035,R003,fault_recovery,WARN,MISSION_EXCEPTION,BAT_LOW,"{""retry_scheduled"": true, ""max_retries"": 3}"
E000264,2026-05-20T08:16:33+00:00,SEOUL_TOWER_B,M00035,R003,ops_reporting,WARN,MISSION_FINALIZED,FINAL_WITH_ISSUE,"{""final_status"": ""FAILED_RETRYABLE""}"
E000265,2026-05-20T08:38:30+00:00,SEOUL_TOWER_B,M00036,R012,dispatch_routing,INFO,MISSION_RECEIVED,,"{""attempt"": 1, ""note"": ""state transition""}"
E000266,2026-05-20T08:38:31+00:00,SEOUL_TOWER_B,M00036,R012,customer_comms,INFO,MISSION_VALIDATED,,"{""attempt"": 1, ""note"": ""state transition""}"
E000267,2026-05-20T08:38:32+00:00,SEOUL_TOWER_B,M00036,R012,customer_comms,INFO,ROBOT_ASSIGNED,,"{""attempt"": 1, ""note"": ""state transition""}"
E000268,2026-05-20T08:38:33+00:00,SEOUL_TOWER_B,M00036,R012,customer_comms,INFO,ENROUTE_PICKUP,,"{""attempt"": 1, ""note"": ""state transition""}"
E000269,2026-05-20T08:38:34+00:00,SEOUL_TOWER_B,M00036,R012,fault_recovery,INFO,LIFTING_VEHICLE,,"{""attempt"": 1, ""note"": ""state transition""}"
E000270,2026-05-20T08:38:35+00:00,SEOUL_TOWER_B,M00036,R012,customer_comms,INFO,ENROUTE_DROP,,"{""attempt"": 1, ""note"": ""state transition""}"
E000271,2026-05-20T08:38:30+00:00,SEOUL_TOWER_B,M00036,R012,fault_recovery,ERROR,MISSION_EXCEPTION,SENSOR_WHEEL_MISMATCH,"{""retry_scheduled"": true, ""max_retries"": 3}"
E000272,2026-05-20T08:38:28+00:00,SEOUL_TOWER_B,M00036,R012,ops_reporting,WARN,MISSION_FINALIZED,FINAL_WITH_ISSUE,"{""final_status"": ""FAILED_RETRYABLE""}"
E000273,2026-05-20T08:49:47+00:00,SEOUL_TOWER_B,M00037,R002,request_orchestrator,INFO,MISSION_RECEIVED,,"{""attempt"": 1, ""note"": ""state transition""}"
E000274,2026-05-20T08:49:48+00:00,SEOUL_TOWER_B,M00037,R002,request_orchestrator,INFO,MISSION_VALIDATED,,"{""attempt"": 1, ""note"": ""state transition""}"
E000275,2026-05-20T08:49:49+00:00,SEOUL_TOWER_B,M00037,R002,dispatch_routing,INFO,ROBOT_ASSIGNED,,"{""attempt"": 1, ""note"": ""state transition""}"
E000276,2026-05-20T08:49:50+00:00,SEOUL_TOWER_B,M00037,R002,dispatch_routing,INFO,ENROUTE_PICKUP,,"{""attempt"": 1, ""note"": ""state transition""}"
E000277,2026-05-20T08:49:51+00:00,SEOUL_TOWER_B,M00037,R002,fault_recovery,INFO,LIFTING_VEHICLE,,"{""attempt"": 1, ""note"": ""state transition""}"
E000278,2026-05-20T08:49:52+00:00,SEOUL_TOWER_B,M00037,R002,request_orchestrator,INFO,ENROUTE_DROP,,"{""attempt"": 1, ""note"": ""state transition""}"
E000279,2026-05-20T08:49:44+00:00,SEOUL_TOWER_B,M00037,R002,ops_reporting,INFO,MISSION_FINALIZED,,"{""final_status"": ""COMPLETED""}"
E000280,2026-05-20T08:15:19+00:00,SEOUL_TOWER_B,M00038,R012,dispatch_routing,INFO,MISSION_RECEIVED,,"{""attempt"": 1, ""note"": ""state transition""}"
E000281,2026-05-20T08:15:20+00:00,SEOUL_TOWER_B,M00038,R012,dispatch_routing,INFO,MISSION_VALIDATED,,"{""attempt"": 1, ""note"": ""state transition""}"
E000282,2026-05-20T08:15:21+00:00,SEOUL_TOWER_B,M00038,R012,dispatch_routing,INFO,ROBOT_ASSIGNED,,"{""attempt"": 1, ""note"": ""state transition""}"
E000283,2026-05-20T08:15:22+00:00,SEOUL_TOWER_B,M00038,R012,request_orchestrator,INFO,ENROUTE_PICKUP,,"{""attempt"": 1, ""note"": ""state transition""}"
E000284,2026-05-20T08:15:23+00:00,SEOUL_TOWER_B,M00038,R012,dispatch_routing,INFO,LIFTING_VEHICLE,,"{""attempt"": 1, ""note"": ""state transition""}"
E000285,2026-05-20T08:15:24+00:00,SEOUL_TOWER_B,M00038,R012,request_orchestrator,INFO,ENROUTE_DROP,,"{""attempt"": 1, ""note"": ""state transition""}"
E000286,2026-05-20T08:15:19+00:00,SEOUL_TOWER_B,M00038,R012,fault_recovery,WARN,MISSION_EXCEPTION,DB_TIMEOUT,"{""retry_scheduled"": true, ""max_retries"": 3}"
E000287,2026-05-20T08:15:17+00:00,SEOUL_TOWER_B,M00038,R012,ops_reporting,WARN,MISSION_FINALIZED,FINAL_WITH_ISSUE,"{""final_status"": ""FAILED_RETRYABLE""}"
E000288,2026-05-20T08:03:38+00:00,SEOUL_TOWER_B,M00039,R002,customer_comms,INFO,MISSION_RECEIVED,,"{""attempt"": 1, ""note"": ""state transition""}"
E000289,2026-05-20T08:03:39+00:00,SEOUL_TOWER_B,M00039,R002,customer_comms,INFO,MISSION_VALIDATED,,"{""attempt"": 1, ""note"": ""state transition""}"
E000290,2026-05-20T08:03:40+00:00,SEOUL_TOWER_B,M00039,R002,fault_recovery,INFO,ROBOT_ASSIGNED,,"{""attempt"": 1, ""note"": ""state transition""}"
E000291,2026-05-20T08:03:41+00:00,SEOUL_TOWER_B,M00039,R002,request_orchestrator,INFO,ENROUTE_PICKUP,,"{""attempt"": 1, ""note"": ""state transition""}"
E000292,2026-05-20T08:03:42+00:00,SEOUL_TOWER_B,M00039,R002,dispatch_routing,INFO,LIFTING_VEHICLE,,"{""attempt"": 1, ""note"": ""state transition""}"
E000293,2026-05-20T08:03:43+00:00,SEOUL_TOWER_B,M00039,R002,fault_recovery,INFO,ENROUTE_DROP,,"{""attempt"": 1, ""note"": ""state transition""}"
E000294,2026-05-20T08:03:38+00:00,SEOUL_TOWER_B,M00039,R002,fault_recovery,ERROR,MISSION_EXCEPTION,SENSOR_WHEEL_MISMATCH,"{""retry_scheduled"": false, ""max_retries"": 3}"
E000295,2026-05-20T08:03:36+00:00,SEOUL_TOWER_B,M00039,R002,ops_reporting,WARN,MISSION_FINALIZED,FINAL_WITH_ISSUE,"{""final_status"": ""FAILED_ESCALATED""}"
E000296,2026-05-20T08:22:00+00:00,SEOUL_TOWER_B,M00040,R003,customer_comms,INFO,MISSION_RECEIVED,,"{""attempt"": 1, ""note"": ""state transition""}"
E000297,2026-05-20T08:22:01+00:00,SEOUL_TOWER_B,M00040,R003,request_orchestrator,INFO,MISSION_VALIDATED,,"{""attempt"": 1, ""note"": ""state transition""}"
E000298,2026-05-20T08:22:02+00:00,SEOUL_TOWER_B,M00040,R003,dispatch_routing,INFO,ROBOT_ASSIGNED,,"{""attempt"": 1, ""note"": ""state transition""}"
E000299,2026-05-20T08:22:03+00:00,SEOUL_TOWER_B,M00040,R003,fault_recovery,INFO,ENROUTE_PICKUP,,"{""attempt"": 1, ""note"": ""state transition""}"
E000300,2026-05-20T08:22:04+00:00,SEOUL_TOWER_B,M00040,R003,dispatch_routing,INFO,LIFTING_VEHICLE,,"{""attempt"": 1, ""note"": ""state transition""}"
E000301,2026-05-20T08:22:05+00:00,SEOUL_TOWER_B,M00040,R003,customer_comms,INFO,ENROUTE_DROP,,"{""attempt"": 1, ""note"": ""state transition""}"
E000302,2026-05-20T08:22:37+00:00,SEOUL_TOWER_B,M00040,R003,fault_recovery,WARN,MISSION_EXCEPTION,NAV_BLOCKED,"{""retry_scheduled"": false, ""max_retries"": 3}"
E000303,2026-05-20T08:22:35+00:00,SEOUL_TOWER_B,M00040,R003,ops_reporting,WARN,MISSION_FINALIZED,FINAL_WITH_ISSUE,"{""final_status"": ""FAILED_ESCALATED""}"
E000304,2026-05-20T09:01:01+00:00,SEOUL_TOWER_B,M00041,R003,dispatch_routing,INFO,MISSION_RECEIVED,,"{""attempt"": 1, ""note"": ""state transition""}"
E000305,2026-05-20T09:01:02+00:00,SEOUL_TOWER_B,M00041,R003,dispatch_routing,INFO,MISSION_VALIDATED,,"{""attempt"": 1, ""note"": ""state transition""}"
E000306,2026-05-20T09:01:03+00:00,SEOUL_TOWER_B,M00041,R003,fault_recovery,INFO,ROBOT_ASSIGNED,,"{""attempt"": 1, ""note"": ""state transition""}"
E000307,2026-05-20T09:01:04+00:00,SEOUL_TOWER_B,M00041,R003,dispatch_routing,INFO,ENROUTE_PICKUP,,"{""attempt"": 1, ""note"": ""state transition""}"
E000308,2026-05-20T09:01:05+00:00,SEOUL_TOWER_B,M00041,R003,request_orchestrator,INFO,LIFTING_VEHICLE,,"{""attempt"": 1, ""note"": ""state transition""}"
E000309,2026-05-20T09:01:06+00:00,SEOUL_TOWER_B,M00041,R003,request_orchestrator,INFO,ENROUTE_DROP,,"{""attempt"": 1, ""note"": ""state transition""}"
E000310,2026-05-20T09:01:35+00:00,SEOUL_TOWER_B,M00041,R003,ops_reporting,INFO,MISSION_FINALIZED,,"{""final_status"": ""COMPLETED""}"
E000311,2026-05-20T08:33:57+00:00,SEOUL_TOWER_B,M00042,R001,dispatch_routing,INFO,MISSION_RECEIVED,,"{""attempt"": 1, ""note"": ""state transition""}"
E000312,2026-05-20T08:33:58+00:00,SEOUL_TOWER_B,M00042,R001,fault_recovery,INFO,MISSION_VALIDATED,,"{""attempt"": 1, ""note"": ""state transition""}"
E000313,2026-05-20T08:33:59+00:00,SEOUL_TOWER_B,M00042,R001,fault_recovery,INFO,ROBOT_ASSIGNED,,"{""attempt"": 1, ""note"": ""state transition""}"
E000314,2026-05-20T08:34:00+00:00,SEOUL_TOWER_B,M00042,R001,customer_comms,INFO,ENROUTE_PICKUP,,"{""attempt"": 1, ""note"": ""state transition""}"
E000315,2026-05-20T08:34:01+00:00,SEOUL_TOWER_B,M00042,R001,request_orchestrator,INFO,LIFTING_VEHICLE,,"{""attempt"": 1, ""note"": ""state transition""}"
E000316,2026-05-20T08:34:02+00:00,SEOUL_TOWER_B,M00042,R001,customer_comms,INFO,ENROUTE_DROP,,"{""attempt"": 1, ""note"": ""state transition""}"
E000317,2026-05-20T08:34:34+00:00,SEOUL_TOWER_B,M00042,R001,fault_recovery,ERROR,MISSION_EXCEPTION,SENSOR_WHEEL_MISMATCH,"{""retry_scheduled"": true, ""max_retries"": 3}"
E000318,2026-05-20T08:34:32+00:00,SEOUL_TOWER_B,M00042,R001,ops_reporting,WARN,MISSION_FINALIZED,FINAL_WITH_ISSUE,"{""final_status"": ""FAILED_RETRYABLE""}"
E000319,2026-05-20T08:39:54+00:00,SEOUL_TOWER_B,M00043,R010,customer_comms,INFO,MISSION_RECEIVED,,"{""attempt"": 1, ""note"": ""state transition""}"
E000320,2026-05-20T08:39:55+00:00,SEOUL_TOWER_B,M00043,R010,fault_recovery,INFO,MISSION_VALIDATED,,"{""attempt"": 1, ""note"": ""state transition""}"
E000321,2026-05-20T08:39:56+00:00,SEOUL_TOWER_B,M00043,R010,customer_comms,INFO,ROBOT_ASSIGNED,,"{""attempt"": 1, ""note"": ""state transition""}"
E000322,2026-05-20T08:39:57+00:00,SEOUL_TOWER_B,M00043,R010,customer_comms,INFO,ENROUTE_PICKUP,,"{""attempt"": 1, ""note"": ""state transition""}"
E000323,2026-05-20T08:39:58+00:00,SEOUL_TOWER_B,M00043,R010,request_orchestrator,INFO,LIFTING_VEHICLE,,"{""attempt"": 1, ""note"": ""state transition""}"
E000324,2026-05-20T08:39:59+00:00,SEOUL_TOWER_B,M00043,R010,request_orchestrator,INFO,ENROUTE_DROP,,"{""attempt"": 1, ""note"": ""state transition""}"
E000325,2026-05-20T08:40:28+00:00,SEOUL_TOWER_B,M00043,R010,ops_reporting,INFO,MISSION_FINALIZED,,"{""final_status"": ""COMPLETED""}"
E000326,2026-05-20T08:34:18+00:00,SEOUL_TOWER_B,M00044,R007,customer_comms,INFO,MISSION_RECEIVED,,"{""attempt"": 1, ""note"": ""state transition""}"
E000327,2026-05-20T08:34:19+00:00,SEOUL_TOWER_B,M00044,R007,fault_recovery,INFO,MISSION_VALIDATED,,"{""attempt"": 1, ""note"": ""state transition""}"
E000328,2026-05-20T08:34:20+00:00,SEOUL_TOWER_B,M00044,R007,fault_recovery,INFO,ROBOT_ASSIGNED,,"{""attempt"": 1, ""note"": ""state transition""}"
E000329,2026-05-20T08:34:21+00:00,SEOUL_TOWER_B,M00044,R007,request_orchestrator,INFO,ENROUTE_PICKUP,,"{""attempt"": 1, ""note"": ""state transition""}"
E000330,2026-05-20T08:34:22+00:00,SEOUL_TOWER_B,M00044,R007,request_orchestrator,INFO,LIFTING_VEHICLE,,"{""attempt"": 1, ""note"": ""state transition""}"
E000331,2026-05-20T08:34:23+00:00,SEOUL_TOWER_B,M00044,R007,dispatch_routing,INFO,ENROUTE_DROP,,"{""attempt"": 1, ""note"": ""state transition""}"
E000332,2026-05-20T08:34:52+00:00,SEOUL_TOWER_B,M00044,R007,ops_reporting,INFO,MISSION_FINALIZED,,"{""final_status"": ""COMPLETED""}"
E000333,2026-05-20T08:24:45+00:00,SEOUL_TOWER_B,M00045,R004,request_orchestrator,INFO,MISSION_RECEIVED,,"{""attempt"": 1, ""note"": ""state transition""}"
E000334,2026-05-20T08:24:46+00:00,SEOUL_TOWER_B,M00045,R004,fault_recovery,INFO,MISSION_VALIDATED,,"{""attempt"": 1, ""note"": ""state transition""}"
E000335,2026-05-20T08:24:47+00:00,SEOUL_TOWER_B,M00045,R004,request_orchestrator,INFO,ROBOT_ASSIGNED,,"{""attempt"": 1, ""note"": ""state transition""}"
E000336,2026-05-20T08:24:48+00:00,SEOUL_TOWER_B,M00045,R004,dispatch_routing,INFO,ENROUTE_PICKUP,,"{""attempt"": 1, ""note"": ""state transition""}"
E000337,2026-05-20T08:24:49+00:00,SEOUL_TOWER_B,M00045,R004,customer_comms,INFO,LIFTING_VEHICLE,,"{""attempt"": 1, ""note"": ""state transition""}"
E000338,2026-05-20T08:24:50+00:00,SEOUL_TOWER_B,M00045,R004,customer_comms,INFO,ENROUTE_DROP,,"{""attempt"": 1, ""note"": ""state transition""}"
E000339,2026-05-20T08:25:06+00:00,SEOUL_TOWER_B,M00045,R004,fault_recovery,ERROR,MISSION_EXCEPTION,SENSOR_WHEEL_MISMATCH,"{""retry_scheduled"": false, ""max_retries"": 3}"
E000340,2026-05-20T08:24:50+00:00,SEOUL_TOWER_B,M00045,R004,ops_reporting,WARN,MISSION_FINALIZED,FINAL_WITH_ISSUE,"{""final_status"": ""FAILED_ESCALATED""}"
E000341,2026-05-20T08:43:44+00:00,SEOUL_TOWER_B,M00046,R006,dispatch_routing,INFO,MISSION_RECEIVED,,"{""attempt"": 1, ""note"": ""state transition""}"
E000342,2026-05-20T08:43:45+00:00,SEOUL_TOWER_B,M00046,R006,customer_comms,INFO,MISSION_VALIDATED,,"{""attempt"": 1, ""note"": ""state transition""}"
E000343,2026-05-20T08:43:46+00:00,SEOUL_TOWER_B,M00046,R006,customer_comms,INFO,ROBOT_ASSIGNED,,"{""attempt"": 1, ""note"": ""state transition""}"
E000344,2026-05-20T08:43:47+00:00,SEOUL_TOWER_B,M00046,R006,request_orchestrator,INFO,ENROUTE_PICKUP,,"{""attempt"": 1, ""note"": ""state transition""}"
E000345,2026-05-20T08:43:48+00:00,SEOUL_TOWER_B,M00046,R006,customer_comms,INFO,LIFTING_VEHICLE,,"{""attempt"": 1, ""note"": ""state transition""}"
E000346,2026-05-20T08:43:49+00:00,SEOUL_TOWER_B,M00046,R006,fault_recovery,INFO,ENROUTE_DROP,,"{""attempt"": 1, ""note"": ""state transition""}"
E000347,2026-05-20T08:44:05+00:00,SEOUL_TOWER_B,M00046,R006,fault_recovery,WARN,MISSION_EXCEPTION,DB_TIMEOUT,"{""retry_scheduled"": true, ""max_retries"": 3}"
E000348,2026-05-20T08:43:49+00:00,SEOUL_TOWER_B,M00046,R006,ops_reporting,WARN,MISSION_FINALIZED,FINAL_WITH_ISSUE,"{""final_status"": ""FAILED_RETRYABLE""}"
E000349,2026-05-20T08:58:47+00:00,SEOUL_TOWER_B,M00047,R006,fault_recovery,INFO,MISSION_RECEIVED,,"{""attempt"": 1, ""note"": ""state transition""}"
E000350,2026-05-20T08:58:48+00:00,SEOUL_TOWER_B,M00047,R006,fault_recovery,INFO,MISSION_VALIDATED,,"{""attempt"": 1, ""note"": ""state transition""}"
E000351,2026-05-20T08:58:49+00:00,SEOUL_TOWER_B,M00047,R006,request_orchestrator,INFO,ROBOT_ASSIGNED,,"{""attempt"": 1, ""note"": ""state transition""}"
E000352,2026-05-20T08:58:50+00:00,SEOUL_TOWER_B,M00047,R006,dispatch_routing,INFO,ENROUTE_PICKUP,,"{""attempt"": 1, ""note"": ""state transition""}"
E000353,2026-05-20T08:58:51+00:00,SEOUL_TOWER_B,M00047,R006,fault_recovery,INFO,LIFTING_VEHICLE,,"{""attempt"": 1, ""note"": ""state transition""}"
E000354,2026-05-20T08:58:52+00:00,SEOUL_TOWER_B,M00047,R006,customer_comms,INFO,ENROUTE_DROP,,"{""attempt"": 1, ""note"": ""state transition""}"
E000355,2026-05-20T08:58:51+00:00,SEOUL_TOWER_B,M00047,R006,ops_reporting,INFO,MISSION_FINALIZED,,"{""final_status"": ""COMPLETED""}"
E000356,2026-05-20T08:50:23+00:00,SEOUL_TOWER_B,M00048,R006,customer_comms,INFO,MISSION_RECEIVED,,"{""attempt"": 1, ""note"": ""state transition""}"
E000357,2026-05-20T08:50:24+00:00,SEOUL_TOWER_B,M00048,R006,fault_recovery,INFO,MISSION_VALIDATED,,"{""attempt"": 1, ""note"": ""state transition""}"
E000358,2026-05-20T08:50:25+00:00,SEOUL_TOWER_B,M00048,R006,customer_comms,INFO,ROBOT_ASSIGNED,,"{""attempt"": 1, ""note"": ""state transition""}"
E000359,2026-05-20T08:50:26+00:00,SEOUL_TOWER_B,M00048,R006,request_orchestrator,INFO,ENROUTE_PICKUP,,"{""attempt"": 1, ""note"": ""state transition""}"
E000360,2026-05-20T08:50:27+00:00,SEOUL_TOWER_B,M00048,R006,customer_comms,INFO,LIFTING_VEHICLE,,"{""attempt"": 1, ""note"": ""state transition""}"
E000361,2026-05-20T08:50:28+00:00,SEOUL_TOWER_B,M00048,R006,request_orchestrator,INFO,ENROUTE_DROP,,"{""attempt"": 1, ""note"": ""state transition""}"
E000362,2026-05-20T08:50:44+00:00,SEOUL_TOWER_B,M00048,R006,fault_recovery,ERROR,MISSION_EXCEPTION,SENSOR_WHEEL_MISMATCH,"{""retry_scheduled"": true, ""max_retries"": 3}"
E000363,2026-05-20T08:50:28+00:00,SEOUL_TOWER_B,M00048,R006,ops_reporting,WARN,MISSION_FINALIZED,FINAL_WITH_ISSUE,"{""final_status"": ""FAILED_RETRYABLE""}"
E000364,2026-05-20T08:26:52+00:00,SEOUL_TOWER_B,M00049,R005,fault_recovery,INFO,MISSION_RECEIVED,,"{""attempt"": 1, ""note"": ""state transition""}"
E000365,2026-05-20T08:26:53+00:00,SEOUL_TOWER_B,M00049,R005,fault_recovery,INFO,MISSION_VALIDATED,,"{""attempt"": 1, ""note"": ""state transition""}"
E000366,2026-05-20T08:26:54+00:00,SEOUL_TOWER_B,M00049,R005,request_orchestrator,INFO,ROBOT_ASSIGNED,,"{""attempt"": 1, ""note"": ""state transition""}"
E000367,2026-05-20T08:26:55+00:00,SEOUL_TOWER_B,M00049,R005,customer_comms,INFO,ENROUTE_PICKUP,,"{""attempt"": 1, ""note"": ""state transition""}"
E000368,2026-05-20T08:26:56+00:00,SEOUL_TOWER_B,M00049,R005,request_orchestrator,INFO,LIFTING_VEHICLE,,"{""attempt"": 1, ""note"": ""state transition""}"
E000369,2026-05-20T08:26:57+00:00,SEOUL_TOWER_B,M00049,R005,customer_comms,INFO,ENROUTE_DROP,,"{""attempt"": 1, ""note"": ""state transition""}"
E000370,2026-05-20T08:26:56+00:00,SEOUL_TOWER_B,M00049,R005,ops_reporting,INFO,MISSION_FINALIZED,,"{""final_status"": ""COMPLETED""}"
E000371,2026-05-20T09:18:21+00:00,SEOUL_TOWER_B,M00050,R006,customer_comms,INFO,MISSION_RECEIVED,,"{""attempt"": 1, ""note"": ""state transition""}"
E000372,2026-05-20T09:18:22+00:00,SEOUL_TOWER_B,M00050,R006,request_orchestrator,INFO,MISSION_VALIDATED,,"{""attempt"": 1, ""note"": ""state transition""}"
E000373,2026-05-20T09:18:23+00:00,SEOUL_TOWER_B,M00050,R006,dispatch_routing,INFO,ROBOT_ASSIGNED,,"{""attempt"": 1, ""note"": ""state transition""}"
E000374,2026-05-20T09:18:24+00:00,SEOUL_TOWER_B,M00050,R006,fault_recovery,INFO,ENROUTE_PICKUP,,"{""attempt"": 1, ""note"": ""state transition""}"
E000375,2026-05-20T09:18:25+00:00,SEOUL_TOWER_B,M00050,R006,customer_comms,INFO,LIFTING_VEHICLE,,"{""attempt"": 1, ""note"": ""state transition""}"
E000376,2026-05-20T09:18:26+00:00,SEOUL_TOWER_B,M00050,R006,customer_comms,INFO,ENROUTE_DROP,,"{""attempt"": 1, ""note"": ""state transition""}"
E000377,2026-05-20T09:18:26+00:00,SEOUL_TOWER_B,M00050,R006,fault_recovery,WARN,MISSION_EXCEPTION,NAV_BLOCKED,"{""retry_scheduled"": true, ""max_retries"": 3}"
E000378,2026-05-20T09:19:03+00:00,SEOUL_TOWER_B,M00050,R006,ops_reporting,WARN,MISSION_FINALIZED,FINAL_WITH_ISSUE,"{""final_status"": ""FAILED_RETRYABLE""}"
